meta_pomare_id,name,description,style,variant_Color,variant_Size,price,meta_MSRP,image,weight,tags,category,active
WSDT1393,Ferns,100% Fancy Shirts Short Sleeve Shirt,519-P1393,Navy,S,25,58,http://test.examplestore.com/productImages/519-P1393-NAVY.png,1,Fancy Shirts| February,Super Tones,1
WSDT1393,Ferns,100% Fancy Shirts Short Sleeve Shirt,519-P1393,Navy,M,25,58,http://test.examplestore.com/productImages/519-P1393-NAVY.png,1,Fancy Shirts| February,Super Tones,1
WSDT1393,Ferns,100% Fancy Shirts Short Sleeve Shirt,519-P1393,Navy,L,25,58,http://test.examplestore.com/productImages/519-P1393-NAVY.png,1,Fancy Shirts| February,Super Tones,1
WSDT1393,Ferns,100% Fancy Shirts Short Sleeve Shirt,519-P1393,Navy,XL,25,58,http://test.examplestore.com/productImages/519-P1393-NAVY.png,1,Fancy Shirts| February,Super Tones,1
WSDT1393,Ferns,100% Fancy Shirts Short Sleeve Shirt,519-P1393,Black,S,25,58,http://test.examplestore.com/productImages/519-P1393-BLACK.jpg,1,Fancy Shirts| February,Super Tones,1
WSDT1393,Ferns,100% Fancy Shirts Short Sleeve Shirt,519-P1393,Black,M,25,58,http://test.examplestore.com/productImages/519-P1393-BLACK.jpg,1,Fancy Shirts| February,Super Tones,1
WSDT1393,Ferns,100% Fancy Shirts Short Sleeve Shirt,519-P1393,Black,L,25,58,http://test.examplestore.com/productImages/519-P1393-BLACK.jpg,1,Fancy Shirts| February,Super Tones,1
WSDT1393,Ferns,100% Fancy Shirts Short Sleeve Shirt,519-P1393,Black,XL,25,58,http://test.examplestore.com/productImages/519-P1393-BLACK.jpg,1,Fancy Shirts| February,Super Tones,1
WSDT1393,Ferns,100% Fancy Shirts Short Sleeve Shirt,569-P1393,Navy,2XL,27,60,http://test.examplestore.com/productImages/569-P1393-NAVY.png,1,Fancy Shirts| February,Super Tones,1
WSDT1393,Ferns,100% Fancy Shirts Short Sleeve Shirt,569-P1393,Navy,3XL,27,60,http://test.examplestore.com/productImages/569-P1393-NAVY.png,1,Fancy Shirts| February,Super Tones,1
WSDT1393,Ferns,100% Fancy Shirts Short Sleeve Shirt,569-P1393,Black,2XL,27,60,http://test.examplestore.com/productImages/569-P1393-BLACK.jpg,1,Fancy Shirts| February,Super Tones,1
WSDT1393,Ferns,100% Fancy Shirts Short Sleeve Shirt,569-P1393,Black,3XL,27,60,http://test.examplestore.com/productImages/569-P1393-BLACK.jpg,1,Fancy Shirts| February,Super Tones,1
WSDT1322,Antherium,100% Fancy Shirts Short Sleeve Shirt,519-P1322,Navy,S,25,58,http://test.examplestore.com/productImages/519-P1322-NAVY.png,1,Fancy Shirts| February,Super Tones,1
WSDT1322,Antherium,100% Fancy Shirts Short Sleeve Shirt,519-P1322,Navy,M,25,58,http://test.examplestore.com/productImages/519-P1322-NAVY.png,1,Fancy Shirts| February,Super Tones,1
WSDT1322,Antherium,100% Fancy Shirts Short Sleeve Shirt,519-P1322,Navy,L,25,58,http://test.examplestore.com/productImages/519-P1322-NAVY.png,1,Fancy Shirts| February,Super Tones,1
WSDT1322,Antherium,100% Fancy Shirts Short Sleeve Shirt,519-P1322,Navy,XL,25,58,http://test.examplestore.com/productImages/519-P1322-NAVY.png,1,Fancy Shirts| February,Super Tones,1
WSDT1322,Antherium,100% Fancy Shirts Short Sleeve Shirt,519-P1322,Taupe,S,25,58,http://test.examplestore.com/productImages/519-P1322-TAUPE.png,1,Fancy Shirts| February,Super Tones,1
WSDT1322,Antherium,100% Fancy Shirts Short Sleeve Shirt,519-P1322,Taupe,M,25,58,http://test.examplestore.com/productImages/519-P1322-TAUPE.png,1,Fancy Shirts| February,Super Tones,1
WSDT1322,Antherium,100% Fancy Shirts Short Sleeve Shirt,519-P1322,Taupe,L,25,58,http://test.examplestore.com/productImages/519-P1322-TAUPE.png,1,Fancy Shirts| February,Super Tones,1
WSDT1322,Antherium,100% Fancy Shirts Short Sleeve Shirt,519-P1322,Taupe,XL,25,58,http://test.examplestore.com/productImages/519-P1322-TAUPE.png,1,Fancy Shirts| February,Super Tones,1
WSDT1322,Antherium,100% Fancy Shirts Short Sleeve Shirt,519-P1322,Black,S,25,58,http://test.examplestore.com/productImages/519-P1322-BLACK.png,1,Fancy Shirts| February,Super Tones,1
WSDT1322,Antherium,100% Fancy Shirts Short Sleeve Shirt,519-P1322,Black,M,25,58,http://test.examplestore.com/productImages/519-P1322-BLACK.png,1,Fancy Shirts| February,Super Tones,1
WSDT1322,Antherium,100% Fancy Shirts Short Sleeve Shirt,519-P1322,Black,L,25,58,http://test.examplestore.com/productImages/519-P1322-BLACK.png,1,Fancy Shirts| February,Super Tones,1
WSDT1322,Antherium,100% Fancy Shirts Short Sleeve Shirt,519-P1322,Black,XL,25,58,http://test.examplestore.com/productImages/519-P1322-BLACK.png,1,Fancy Shirts| February,Super Tones,1
WSDT1322,Antherium,100% Fancy Shirts Short Sleeve Shirt,569-P1322,Navy,2XL,27,60,http://test.examplestore.com/productImages/569-P1322-NAVY.png,1,Fancy Shirts| February,Super Tones,1
WSDT1322,Antherium,100% Fancy Shirts Short Sleeve Shirt,569-P1322,Navy,3XL,27,60,http://test.examplestore.com/productImages/569-P1322-NAVY.png,1,Fancy Shirts| February,Super Tones,1
WSDT1322,Antherium,100% Fancy Shirts Short Sleeve Shirt,569-P1322,Taupe,2XL,27,60,http://test.examplestore.com/productImages/569-P1322-TAUPE.png,1,Fancy Shirts| February,Super Tones,1
WSDT1322,Antherium,100% Fancy Shirts Short Sleeve Shirt,569-P1322,Taupe,3XL,27,60,http://test.examplestore.com/productImages/569-P1322-TAUPE.png,1,Fancy Shirts| February,Super Tones,1
WSDT1322,Antherium,100% Fancy Shirts Short Sleeve Shirt,569-P1322,Black,2XL,27,60,http://test.examplestore.com/productImages/569-P1322-BLACK.png,1,Fancy Shirts| February,Super Tones,1
WSDT1322,Antherium,100% Fancy Shirts Short Sleeve Shirt,569-P1322,Black,3XL,27,60,http://test.examplestore.com/productImages/569-P1322-BLACK.png,1,Fancy Shirts| February,Super Tones,1
WSDT1234,Baroque Woodrose,100% Fancy Shirts Long Sleeve Shirt,541-P1234,New Beige,S,30,64,http://test.examplestore.com/productImages/541-P1234-NEW-BEIGE.png,1,Fancy Shirts| February,Super Tones,1
WSDT1234,Baroque Woodrose,100% Fancy Shirts Long Sleeve Shirt,541-P1234,New Beige,M,30,64,http://test.examplestore.com/productImages/541-P1234-NEW-BEIGE.png,1,Fancy Shirts| February,Super Tones,1
WSDT1234,Baroque Woodrose,100% Fancy Shirts Long Sleeve Shirt,541-P1234,New Beige,L,30,64,http://test.examplestore.com/productImages/541-P1234-NEW-BEIGE.png,1,Fancy Shirts| February,Super Tones,1
WSDT1234,Baroque Woodrose,100% Fancy Shirts Long Sleeve Shirt,541-P1234,New Beige,XL,30,64,http://test.examplestore.com/productImages/541-P1234-NEW-BEIGE.png,1,Fancy Shirts| February,Super Tones,1
WSDT1234,Baroque Woodrose,100% Fancy Shirts Long Sleeve Shirt,541-P1234,Blue,S,30,64,http://test.examplestore.com/productImages/541-P1234-BLUE.png,1,Fancy Shirts| February,Super Tones,1
WSDT1234,Baroque Woodrose,100% Fancy Shirts Long Sleeve Shirt,541-P1234,Blue,M,30,64,http://test.examplestore.com/productImages/541-P1234-BLUE.png,1,Fancy Shirts| February,Super Tones,1
WSDT1234,Baroque Woodrose,100% Fancy Shirts Long Sleeve Shirt,541-P1234,Blue,L,30,64,http://test.examplestore.com/productImages/541-P1234-BLUE.png,1,Fancy Shirts| February,Super Tones,1
WSDT1234,Baroque Woodrose,100% Fancy Shirts Long Sleeve Shirt,541-P1234,Blue,XL,30,64,http://test.examplestore.com/productImages/541-P1234-BLUE.png,1,Fancy Shirts| February,Super Tones,1
WSDT1234,Baroque Woodrose,100% Fancy Shirts Long Sleeve Shirt,541-P1234,Black,S,30,64,http://test.examplestore.com/productImages/541-P1234-BLACK.png,1,Fancy Shirts| February,Super Tones,1
WSDT1234,Baroque Woodrose,100% Fancy Shirts Long Sleeve Shirt,541-P1234,Black,M,30,64,http://test.examplestore.com/productImages/541-P1234-BLACK.png,1,Fancy Shirts| February,Super Tones,1
WSDT1234,Baroque Woodrose,100% Fancy Shirts Long Sleeve Shirt,541-P1234,Black,L,30,64,http://test.examplestore.com/productImages/541-P1234-BLACK.png,1,Fancy Shirts| February,Super Tones,1
WSDT1234,Baroque Woodrose,100% Fancy Shirts Long Sleeve Shirt,541-P1234,Black,XL,30,64,http://test.examplestore.com/productImages/541-P1234-BLACK.png,1,Fancy Shirts| February,Super Tones,1
WSDT1234,Baroque Woodrose,100% Fancy Shirts Long Sleeve Shirt,591-P1234,New Beige,2XL,32,66,http://test.examplestore.com/productImages/591-P1234-NEW-BEIGE.png,1,Fancy Shirts| February,Super Tones,1
WSDT1234,Baroque Woodrose,100% Fancy Shirts Long Sleeve Shirt,591-P1234,New Beige,3XL,32,66,http://test.examplestore.com/productImages/591-P1234-NEW-BEIGE.png,1,Fancy Shirts| February,Super Tones,1
WSDT1234,Baroque Woodrose,100% Fancy Shirts Long Sleeve Shirt,591-P1234,Blue,2XL,32,66,http://test.examplestore.com/productImages/591-P1234-BLUE.png,1,Fancy Shirts| February,Super Tones,1
WSDT1234,Baroque Woodrose,100% Fancy Shirts Long Sleeve Shirt,591-P1234,Blue,3XL,32,66,http://test.examplestore.com/productImages/591-P1234-BLUE.png,1,Fancy Shirts| February,Super Tones,1
WSDT1234,Baroque Woodrose,100% Fancy Shirts Long Sleeve Shirt,591-P1234,Black,2XL,32,66,http://test.examplestore.com/productImages/591-P1234-BLACK.png,1,Fancy Shirts| February,Super Tones,1
WSDT1234,Baroque Woodrose,100% Fancy Shirts Long Sleeve Shirt,591-P1234,Black,3XL,32,66,http://test.examplestore.com/productImages/591-P1234-BLACK.png,1,Fancy Shirts| February,Super Tones,1
WSDT2644,Abstract Blocks,100% Fancy Shirts Short Sleeve Shirt,519-P2644,Charcoal,S,25,58,http://test.examplestore.com/productImages/519-P2644-CHARCOAL.png,1,Fancy Shirts| March,Super Tones,1
WSDT2644,Abstract Blocks,100% Fancy Shirts Short Sleeve Shirt,519-P2644,Charcoal,M,25,58,http://test.examplestore.com/productImages/519-P2644-CHARCOAL.png,1,Fancy Shirts| March,Super Tones,1
WSDT2644,Abstract Blocks,100% Fancy Shirts Short Sleeve Shirt,519-P2644,Charcoal,L,25,58,http://test.examplestore.com/productImages/519-P2644-CHARCOAL.png,1,Fancy Shirts| March,Super Tones,1
WSDT2644,Abstract Blocks,100% Fancy Shirts Short Sleeve Shirt,519-P2644,Charcoal,XL,25,58,http://test.examplestore.com/productImages/519-P2644-CHARCOAL.png,1,Fancy Shirts| March,Super Tones,1
WSDT2644,Abstract Blocks,100% Fancy Shirts Short Sleeve Shirt,519-P2644,Black,S,25,58,http://test.examplestore.com/productImages/519-P2644-BLACK.png,1,Fancy Shirts| March,Super Tones,1
WSDT2644,Abstract Blocks,100% Fancy Shirts Short Sleeve Shirt,519-P2644,Black,M,25,58,http://test.examplestore.com/productImages/519-P2644-BLACK.png,1,Fancy Shirts| March,Super Tones,1
WSDT2644,Abstract Blocks,100% Fancy Shirts Short Sleeve Shirt,519-P2644,Black,L,25,58,http://test.examplestore.com/productImages/519-P2644-BLACK.png,1,Fancy Shirts| March,Super Tones,1
WSDT2644,Abstract Blocks,100% Fancy Shirts Short Sleeve Shirt,519-P2644,Black,XL,27,60,http://test.examplestore.com/productImages/519-P2644-BLACK.png,1,Fancy Shirts| March,Super Tones,1
WSDT2644,Abstract Blocks,100% Fancy Shirts Short Sleeve Shirt,569-P2644,Charcoal,2XL,27,60,http://test.examplestore.com/productImages/569-P2644-CHARCOAL.png,1,Fancy Shirts| March,Super Tones,1
WSDT2644,Abstract Blocks,100% Fancy Shirts Short Sleeve Shirt,569-P2644,Charcoal,3XL,27,60,http://test.examplestore.com/productImages/569-P2644-CHARCOAL.png,1,Fancy Shirts| March,Super Tones,1
WSDT2644,Abstract Blocks,100% Fancy Shirts Short Sleeve Shirt,569-P2644,Black,2XL,27,60,http://test.examplestore.com/productImages/569-P2644-BLACK.png,1,Fancy Shirts| March,Super Tones,1
WSDT2644,Abstract Blocks,100% Fancy Shirts Short Sleeve Shirt,569-P2644,Black,3XL,30,64,http://test.examplestore.com/productImages/569-P2644-BLACK.png,1,Fancy Shirts| March,Super Tones,1
WSDT1464,Orchid Grove,100% Fancy Shirts Long Sleeve Shirt,541-P1464,Green,S,30,64,http://test.examplestore.com/productImages/541-P1464-GREEN.png,1,Fancy Shirts| March,Super Tones,1
WSDT1464,Orchid Grove,100% Fancy Shirts Long Sleeve Shirt,541-P1464,Green,M,30,64,http://test.examplestore.com/productImages/541-P1464-GREEN.png,1,Fancy Shirts| March,Super Tones,1
WSDT1464,Orchid Grove,100% Fancy Shirts Long Sleeve Shirt,541-P1464,Green,L,30,64,http://test.examplestore.com/productImages/541-P1464-GREEN.png,1,Fancy Shirts| March,Super Tones,1
WSDT1464,Orchid Grove,100% Fancy Shirts Long Sleeve Shirt,541-P1464,Green,XL,30,64,http://test.examplestore.com/productImages/541-P1464-GREEN.png,1,Fancy Shirts| March,Super Tones,1
WSDT1464,Orchid Grove,100% Fancy Shirts Long Sleeve Shirt,541-P1464,Blue,S,30,64,http://test.examplestore.com/productImages/541-P1464-BLUE.png,1,Fancy Shirts| March,Super Tones,1
WSDT1464,Orchid Grove,100% Fancy Shirts Long Sleeve Shirt,541-P1464,Blue,M,30,64,http://test.examplestore.com/productImages/541-P1464-BLUE.png,1,Fancy Shirts| March,Super Tones,1
WSDT1464,Orchid Grove,100% Fancy Shirts Long Sleeve Shirt,541-P1464,Blue,L,30,64,http://test.examplestore.com/productImages/541-P1464-BLUE.png,1,Fancy Shirts| March,Super Tones,1
WSDT1464,Orchid Grove,100% Fancy Shirts Long Sleeve Shirt,541-P1464,Blue,XL,30,64,http://test.examplestore.com/productImages/541-P1464-BLUE.png,1,Fancy Shirts| March,Super Tones,1
WSDT1464,Orchid Grove,100% Fancy Shirts Long Sleeve Shirt,541-P1464,Black,S,30,64,http://test.examplestore.com/productImages/541-P1464-BLACK.png,1,Fancy Shirts| March,Super Tones,1
WSDT1464,Orchid Grove,100% Fancy Shirts Long Sleeve Shirt,541-P1464,Black,M,30,64,http://test.examplestore.com/productImages/541-P1464-BLACK.png,1,Fancy Shirts| March,Super Tones,1
WSDT1464,Orchid Grove,100% Fancy Shirts Long Sleeve Shirt,541-P1464,Black,L,30,64,http://test.examplestore.com/productImages/541-P1464-BLACK.png,1,Fancy Shirts| March,Super Tones,1
WSDT1464,Orchid Grove,100% Fancy Shirts Long Sleeve Shirt,541-P1464,Black,XL,30,64,http://test.examplestore.com/productImages/541-P1464-BLACK.png,1,Fancy Shirts| March,Super Tones,1
WSDT1464,Orchid Grove,100% Fancy Shirts Long Sleeve Shirt,591-P1464,Green,2XL,32,66,http://test.examplestore.com/productImages/591-P1464-GREEN.png,1,Fancy Shirts| March,Super Tones,1
WSDT1464,Orchid Grove,100% Fancy Shirts Long Sleeve Shirt,591-P1464,Green,3XL,32,66,http://test.examplestore.com/productImages/591-P1464-GREEN.png,1,Fancy Shirts| March,Super Tones,1
WSDT1464,Orchid Grove,100% Fancy Shirts Long Sleeve Shirt,591-P1464,Blue,2XL,32,66,http://test.examplestore.com/productImages/591-P1464-BLUE.png,1,Fancy Shirts| March,Super Tones,1
WSDT1464,Orchid Grove,100% Fancy Shirts Long Sleeve Shirt,591-P1464,Blue,3XL,32,66,http://test.examplestore.com/productImages/591-P1464-BLUE.png,1,Fancy Shirts| March,Super Tones,1
WSDT1464,Orchid Grove,100% Fancy Shirts Long Sleeve Shirt,591-P1464,Black,2XL,32,66,http://test.examplestore.com/productImages/591-P1464-BLACK.png,1,Fancy Shirts| March,Super Tones,1
WSDT1464,Orchid Grove,100% Fancy Shirts Long Sleeve Shirt,591-P1464,Black,3XL,32,66,http://test.examplestore.com/productImages/591-P1464-BLACK.png,1,Fancy Shirts| March,Super Tones,1
WSDT1985,Hula Palaka,100% Fancy Shirts Short Sleeve Shirt,519-P1985,Burgandy,S,25,58,http://test.examplestore.com/productImages/519-P1985-BURGANDY.png,1,Fancy Shirts| April,Super Tones,1
WSDT1985,Hula Palaka,100% Fancy Shirts Short Sleeve Shirt,519-P1985,Burgandy,M,25,58,http://test.examplestore.com/productImages/519-P1985-BURGANDY.png,1,Fancy Shirts| April,Super Tones,1
WSDT1985,Hula Palaka,100% Fancy Shirts Short Sleeve Shirt,519-P1985,Burgandy,L,25,58,http://test.examplestore.com/productImages/519-P1985-BURGANDY.png,1,Fancy Shirts| April,Super Tones,1
WSDT1985,Hula Palaka,100% Fancy Shirts Short Sleeve Shirt,519-P1985,Burgandy,XL,25,58,http://test.examplestore.com/productImages/519-P1985-BURGANDY.png,1,Fancy Shirts| April,Super Tones,1
WSDT1985,Hula Palaka,100% Fancy Shirts Short Sleeve Shirt,519-P1985,Blue,S,25,58,http://test.examplestore.com/productImages/519-P1985-BLUE.png,1,Fancy Shirts| April,Super Tones,1
WSDT1985,Hula Palaka,100% Fancy Shirts Short Sleeve Shirt,519-P1985,Blue,M,25,58,http://test.examplestore.com/productImages/519-P1985-BLUE.png,1,Fancy Shirts| April,Super Tones,1
WSDT1985,Hula Palaka,100% Fancy Shirts Short Sleeve Shirt,519-P1985,Blue,L,25,58,http://test.examplestore.com/productImages/519-P1985-BLUE.png,1,Fancy Shirts| April,Super Tones,1
WSDT1985,Hula Palaka,100% Fancy Shirts Short Sleeve Shirt,519-P1985,Blue,XL,25,58,http://test.examplestore.com/productImages/519-P1985-BLUE.png,1,Fancy Shirts| April,Super Tones,1
WSDT1985,Hula Palaka,100% Fancy Shirts Short Sleeve Shirt,519-P1985,Black,S,25,58,http://test.examplestore.com/productImages/519-P1985-BLACK.png,1,Fancy Shirts| April,Super Tones,1
WSDT1985,Hula Palaka,100% Fancy Shirts Short Sleeve Shirt,519-P1985,Black,M,25,58,http://test.examplestore.com/productImages/519-P1985-BLACK.png,1,Fancy Shirts| April,Super Tones,1
WSDT1985,Hula Palaka,100% Fancy Shirts Short Sleeve Shirt,519-P1985,Black,L,25,58,http://test.examplestore.com/productImages/519-P1985-BLACK.png,1,Fancy Shirts| April,Super Tones,1
WSDT1985,Hula Palaka,100% Fancy Shirts Short Sleeve Shirt,519-P1985,Black,XL,25,58,http://test.examplestore.com/productImages/519-P1985-BLACK.png,1,Fancy Shirts| April,Super Tones,1
WSDT1985,Hula Palaka,100% Fancy Shirts Short Sleeve Shirt,569-P1985,Burgandy,2XL,27,60,http://test.examplestore.com/productImages/569-P1985-BURGANDY.png,1,Fancy Shirts| April,Super Tones,1
WSDT1985,Hula Palaka,100% Fancy Shirts Short Sleeve Shirt,569-P1985,Burgandy,3XL,27,60,http://test.examplestore.com/productImages/569-P1985-BURGANDY.png,1,Fancy Shirts| April,Super Tones,1
WSDT1985,Hula Palaka,100% Fancy Shirts Short Sleeve Shirt,569-P1985,Blue,2XL,27,60,http://test.examplestore.com/productImages/569-P1985-BLUE.png,1,Fancy Shirts| April,Super Tones,1
WSDT1985,Hula Palaka,100% Fancy Shirts Short Sleeve Shirt,569-P1985,Blue,3XL,27,60,http://test.examplestore.com/productImages/569-P1985-BLUE.png,1,Fancy Shirts| April,Super Tones,1
WSDT1985,Hula Palaka,100% Fancy Shirts Short Sleeve Shirt,569-P1985,Black,2XL,27,60,http://test.examplestore.com/productImages/569-P1985-BLACK.png,1,Fancy Shirts| April,Super Tones,1
WSDT1985,Hula Palaka,100% Fancy Shirts Short Sleeve Shirt,569-P1985,Black,3XL,27,60,http://test.examplestore.com/productImages/569-P1985-BLACK.png,1,Fancy Shirts| April,Super Tones,1
HP 91151,Nalu Flower,100% Fancy Shirts Short Sleeve Shirt,519-HP91151,Burgandy,S,25,58,http://test.examplestore.com/productImages/519-HP91151-BURGANDY.png,1,Fancy Shirts| April,Super Tones,1
HP 91151,Nalu Flower,100% Fancy Shirts Short Sleeve Shirt,519-HP91151,Burgandy,M,25,58,http://test.examplestore.com/productImages/519-HP91151-BURGANDY.png,1,Fancy Shirts| April,Super Tones,1
HP 91151,Nalu Flower,100% Fancy Shirts Short Sleeve Shirt,519-HP91151,Burgandy,L,25,58,http://test.examplestore.com/productImages/519-HP91151-BURGANDY.png,1,Fancy Shirts| April,Super Tones,1
HP 91151,Nalu Flower,100% Fancy Shirts Short Sleeve Shirt,519-HP91151,Burgandy,XL,25,58,http://test.examplestore.com/productImages/519-HP91151-BURGANDY.png,1,Fancy Shirts| April,Super Tones,1
HP 91151,Nalu Flower,100% Fancy Shirts Short Sleeve Shirt,519-HP91151,Khaki,S,25,58,http://test.examplestore.com/productImages/519-HP91151-KHAKI.png,1,Fancy Shirts| April,Super Tones,1
HP 91151,Nalu Flower,100% Fancy Shirts Short Sleeve Shirt,519-HP91151,Khaki,M,25,58,http://test.examplestore.com/productImages/519-HP91151-KHAKI.png,1,Fancy Shirts| April,Super Tones,1
HP 91151,Nalu Flower,100% Fancy Shirts Short Sleeve Shirt,519-HP91151,Khaki,L,25,58,http://test.examplestore.com/productImages/519-HP91151-KHAKI.png,1,Fancy Shirts| April,Super Tones,1
HP 91151,Nalu Flower,100% Fancy Shirts Short Sleeve Shirt,519-HP91151,Khaki,XL,25,58,http://test.examplestore.com/productImages/519-HP91151-KHAKI.png,1,Fancy Shirts| April,Super Tones,1
HP 91151,Nalu Flower,100% Fancy Shirts Short Sleeve Shirt,569-HP91151,Burgandy,2XL,27,60,http://test.examplestore.com/productImages/569-HP91151-BURGANDY.png,1,Fancy Shirts| April,Super Tones,1
HP 91151,Nalu Flower,100% Fancy Shirts Short Sleeve Shirt,569-HP91151,Burgandy,3XL,27,60,http://test.examplestore.com/productImages/569-HP91151-BURGANDY.png,1,Fancy Shirts| April,Super Tones,1
HP 91151,Nalu Flower,100% Fancy Shirts Short Sleeve Shirt,569-HP91151,Khaki,2XL,27,60,http://test.examplestore.com/productImages/569-HP91151-KHAKI.png,1,Fancy Shirts| April,Super Tones,1
HP 91151,Nalu Flower,100% Fancy Shirts Short Sleeve Shirt,569-HP91151,Khaki,3XL,27,60,http://test.examplestore.com/productImages/569-HP91151-KHAKI.png,1,Fancy Shirts| April,Super Tones,1
WSDT1395,Flower Hao,100% Fancy Shirts Long Sleeve Shirt,541-P1395,Cream,S,30,64,http://test.examplestore.com/productImages/541-P1395-CREAM.png,1,Fancy Shirts| April,Super Tones,1
WSDT1395,Flower Hao,100% Fancy Shirts Long Sleeve Shirt,541-P1395,Cream,M,30,64,http://test.examplestore.com/productImages/541-P1395-CREAM.png,1,Fancy Shirts| April,Super Tones,1
WSDT1395,Flower Hao,100% Fancy Shirts Long Sleeve Shirt,541-P1395,Cream,L,30,64,http://test.examplestore.com/productImages/541-P1395-CREAM.png,1,Fancy Shirts| April,Super Tones,1
WSDT1395,Flower Hao,100% Fancy Shirts Long Sleeve Shirt,541-P1395,Cream,XL,30,64,http://test.examplestore.com/productImages/541-P1395-CREAM.png,1,Fancy Shirts| April,Super Tones,1
WSDT1395,Flower Hao,100% Fancy Shirts Long Sleeve Shirt,541-P1395,Burgandy,S,30,64,http://test.examplestore.com/productImages/541-P1395-BURGANDY.png,1,Fancy Shirts| April,Super Tones,1
WSDT1395,Flower Hao,100% Fancy Shirts Long Sleeve Shirt,541-P1395,Burgandy,M,30,64,http://test.examplestore.com/productImages/541-P1395-BURGANDY.png,1,Fancy Shirts| April,Super Tones,1
WSDT1395,Flower Hao,100% Fancy Shirts Long Sleeve Shirt,541-P1395,Burgandy,L,30,64,http://test.examplestore.com/productImages/541-P1395-BURGANDY.png,1,Fancy Shirts| April,Super Tones,1
WSDT1395,Flower Hao,100% Fancy Shirts Long Sleeve Shirt,541-P1395,Burgandy,XL,30,64,http://test.examplestore.com/productImages/541-P1395-BURGANDY.png,1,Fancy Shirts| April,Super Tones,1
WSDT1395,Flower Hao,100% Fancy Shirts Long Sleeve Shirt,541-P1395,Blue,S,30,64,http://test.examplestore.com/productImages/541-P1395-BLUE.png,1,Fancy Shirts| April,Super Tones,1
WSDT1395,Flower Hao,100% Fancy Shirts Long Sleeve Shirt,541-P1395,Blue,M,30,64,http://test.examplestore.com/productImages/541-P1395-BLUE.png,1,Fancy Shirts| April,Super Tones,1
WSDT1395,Flower Hao,100% Fancy Shirts Long Sleeve Shirt,541-P1395,Blue,L,30,64,http://test.examplestore.com/productImages/541-P1395-BLUE.png,1,Fancy Shirts| April,Super Tones,1
WSDT1395,Flower Hao,100% Fancy Shirts Long Sleeve Shirt,541-P1395,Blue,XL,30,64,http://test.examplestore.com/productImages/541-P1395-BLUE.png,1,Fancy Shirts| April,Super Tones,1
WSDT1395,Flower Hao,100% Fancy Shirts Long Sleeve Shirt,541-P1395,Black,S,30,64,http://test.examplestore.com/productImages/541-P1395-BLACK.png,1,Fancy Shirts| April,Super Tones,1
WSDT1395,Flower Hao,100% Fancy Shirts Long Sleeve Shirt,541-P1395,Black,M,30,64,http://test.examplestore.com/productImages/541-P1395-BLACK.png,1,Fancy Shirts| April,Super Tones,1
WSDT1395,Flower Hao,100% Fancy Shirts Long Sleeve Shirt,541-P1395,Black,L,30,64,http://test.examplestore.com/productImages/541-P1395-BLACK.png,1,Fancy Shirts| April,Super Tones,1
WSDT1395,Flower Hao,100% Fancy Shirts Long Sleeve Shirt,541-P1395,Black,XL,30,64,http://test.examplestore.com/productImages/541-P1395-BLACK.png,1,Fancy Shirts| April,Super Tones,1
WSDT1395,Flower Hao,100% Fancy Shirts Long Sleeve Shirt,591-P1395,Cream,2XL,32,66,http://test.examplestore.com/productImages/591-P1395-CREAM.png,1,Fancy Shirts| April,Super Tones,1
WSDT1395,Flower Hao,100% Fancy Shirts Long Sleeve Shirt,591-P1395,Cream,3XL,32,66,http://test.examplestore.com/productImages/591-P1395-CREAM.png,1,Fancy Shirts| April,Super Tones,1
WSDT1395,Flower Hao,100% Fancy Shirts Long Sleeve Shirt,591-P1395,Burgandy,2XL,32,66,http://test.examplestore.com/productImages/591-P1395-BURGANDY.png,1,Fancy Shirts| April,Super Tones,1
WSDT1395,Flower Hao,100% Fancy Shirts Long Sleeve Shirt,591-P1395,Burgandy,3XL,32,66,http://test.examplestore.com/productImages/591-P1395-BURGANDY.png,1,Fancy Shirts| April,Super Tones,1
WSDT1395,Flower Hao,100% Fancy Shirts Long Sleeve Shirt,591-P1395,Blue,2XL,32,66,http://test.examplestore.com/productImages/591-P1395-BLUE.png,1,Fancy Shirts| April,Super Tones,1
WSDT1395,Flower Hao,100% Fancy Shirts Long Sleeve Shirt,591-P1395,Blue,3XL,32,66,http://test.examplestore.com/productImages/591-P1395-BLUE.png,1,Fancy Shirts| April,Super Tones,1
WSDT1395,Flower Hao,100% Fancy Shirts Long Sleeve Shirt,591-P1395,Black,2XL,32,66,http://test.examplestore.com/productImages/591-P1395-BLACK.png,1,Fancy Shirts| April,Super Tones,1
WSDT1395,Flower Hao,100% Fancy Shirts Long Sleeve Shirt,591-P1395,Black,3XL,32,66,http://test.examplestore.com/productImages/591-P1395-BLACK.png,1,Fancy Shirts| April,Super Tones,1
HP73116,Kalalau,100% Cotton Poplin Reverse Short Sleeve Shirt,543-HP73116,Black,S,20,45,http://test.examplestore.com/productImages/543-HP73116-BLACK.png,1,Reverse| February,Super Tones,1
HP73116,Kalalau,100% Cotton Poplin Reverse Short Sleeve Shirt,543-HP73116,Black,M,20,45,http://test.examplestore.com/productImages/543-HP73116-BLACK.png,1,Reverse| February,Super Tones,1
HP73116,Kalalau,100% Cotton Poplin Reverse Short Sleeve Shirt,543-HP73116,Black,L,20,45,http://test.examplestore.com/productImages/543-HP73116-BLACK.png,1,Reverse| February,Super Tones,1
HP73116,Kalalau,100% Cotton Poplin Reverse Short Sleeve Shirt,543-HP73116,Black,XL,20,45,http://test.examplestore.com/productImages/543-HP73116-BLACK.png,1,Reverse| February,Super Tones,1
HP73116,Kalalau,100% Cotton Poplin Reverse Short Sleeve Shirt,543-HP73116,Cream,S,20,45,http://test.examplestore.com/productImages/543-HP73116-CREAM.png,1,Reverse| February,Super Tones,1
HP73116,Kalalau,100% Cotton Poplin Reverse Short Sleeve Shirt,543-HP73116,Cream,M,20,45,http://test.examplestore.com/productImages/543-HP73116-CREAM.png,1,Reverse| February,Super Tones,1
HP73116,Kalalau,100% Cotton Poplin Reverse Short Sleeve Shirt,543-HP73116,Cream,L,20,45,http://test.examplestore.com/productImages/543-HP73116-CREAM.png,1,Reverse| February,Super Tones,1
HP73116,Kalalau,100% Cotton Poplin Reverse Short Sleeve Shirt,543-HP73116,Cream,XL,20,45,http://test.examplestore.com/productImages/543-HP73116-CREAM.png,1,Reverse| February,Super Tones,1
HP73116,Kalalau,100% Cotton Poplin Reverse Short Sleeve Shirt,543-HP73116,Teal,S,20,45,http://test.examplestore.com/productImages/543-HP73116-TEAL.png,1,Reverse| February,Super Tones,1
HP73116,Kalalau,100% Cotton Poplin Reverse Short Sleeve Shirt,543-HP73116,Teal,M,20,45,http://test.examplestore.com/productImages/543-HP73116-TEAL.png,1,Reverse| February,Super Tones,1
HP73116,Kalalau,100% Cotton Poplin Reverse Short Sleeve Shirt,543-HP73116,Teal,L,20,45,http://test.examplestore.com/productImages/543-HP73116-TEAL.png,1,Reverse| February,Super Tones,1
HP73116,Kalalau,100% Cotton Poplin Reverse Short Sleeve Shirt,543-HP73116,Teal,XL,20,45,http://test.examplestore.com/productImages/543-HP73116-TEAL.png,1,Reverse| February,Super Tones,1
HP73116,Kalalau,100% Cotton Poplin Reverse Short Sleeve Shirt,593-HP73116,Black,2XL,22,47,http://test.examplestore.com/productImages/593-HP73116-BLACK.png,1,Reverse| February,Super Tones,1
HP73116,Kalalau,100% Cotton Poplin Reverse Short Sleeve Shirt,593-HP73116,Black,3XL,22,47,http://test.examplestore.com/productImages/593-HP73116-BLACK.png,1,Reverse| February,Super Tones,1
HP73116,Kalalau,100% Cotton Poplin Reverse Short Sleeve Shirt,593-HP73116,Cream,2XL,22,47,http://test.examplestore.com/productImages/593-HP73116-CREAM.png,1,Reverse| February,Super Tones,1
HP73116,Kalalau,100% Cotton Poplin Reverse Short Sleeve Shirt,593-HP73116,Cream,3XL,22,47,http://test.examplestore.com/productImages/593-HP73116-CREAM.png,1,Reverse| February,Super Tones,1
HP73116,Kalalau,100% Cotton Poplin Reverse Short Sleeve Shirt,593-HP73116,Teal,2XL,22,47,http://test.examplestore.com/productImages/593-HP73116-TEAL.png,1,Reverse| February,Super Tones,1
HP73116,Kalalau,100% Cotton Poplin Reverse Short Sleeve Shirt,593-HP73116,Teal,3XL,22,47,http://test.examplestore.com/productImages/593-HP73116-TEAL.png,1,Reverse| February,Super Tones,1
HP73112,Wili Pareau,100% Cotton Poplin Reverse Short Sleeve Shirt,543-HP73112,White / Navy,S,20,45,http://test.examplestore.com/productImages/543-HP73112-WHITE-NAVY.png,1,Reverse| February,Super Tones,1
HP73112,Wili Pareau,100% Cotton Poplin Reverse Short Sleeve Shirt,543-HP73112,White / Navy,M,20,45,http://test.examplestore.com/productImages/543-HP73112-WHITE-NAVY.png,1,Reverse| February,Super Tones,1
HP73112,Wili Pareau,100% Cotton Poplin Reverse Short Sleeve Shirt,543-HP73112,White / Navy,L,20,45,http://test.examplestore.com/productImages/543-HP73112-WHITE-NAVY.png,1,Reverse| February,Super Tones,1
HP73112,Wili Pareau,100% Cotton Poplin Reverse Short Sleeve Shirt,543-HP73112,White / Navy,XL,20,45,http://test.examplestore.com/productImages/543-HP73112-WHITE-NAVY.png,1,Reverse| February,Super Tones,1
HP73112,Wili Pareau,100% Cotton Poplin Reverse Short Sleeve Shirt,543-HP73112,Black / Cream,S,20,45,http://test.examplestore.com/productImages/543-HP73112-BLACK-CREAM.png,1,Reverse| February,Super Tones,1
HP73112,Wili Pareau,100% Cotton Poplin Reverse Short Sleeve Shirt,543-HP73112,Black / Cream,M,20,45,http://test.examplestore.com/productImages/543-HP73112-BLACK-CREAM.png,1,Reverse| February,Super Tones,1
HP73112,Wili Pareau,100% Cotton Poplin Reverse Short Sleeve Shirt,543-HP73112,Black / Cream,L,20,45,http://test.examplestore.com/productImages/543-HP73112-BLACK-CREAM.png,1,Reverse| February,Super Tones,1
HP73112,Wili Pareau,100% Cotton Poplin Reverse Short Sleeve Shirt,543-HP73112,Black / Cream,XL,20,45,http://test.examplestore.com/productImages/543-HP73112-BLACK-CREAM.png,1,Reverse| February,Super Tones,1
HP73112,Wili Pareau,100% Cotton Poplin Reverse Short Sleeve Shirt,543-HP73112,Cream / Navy,S,20,45,http://test.examplestore.com/productImages/543-HP73112-CREAM-NAVY.png,1,Reverse| February,Super Tones,1
HP73112,Wili Pareau,100% Cotton Poplin Reverse Short Sleeve Shirt,543-HP73112,Cream / Navy,M,20,45,http://test.examplestore.com/productImages/543-HP73112-CREAM-NAVY.png,1,Reverse| February,Super Tones,1
HP73112,Wili Pareau,100% Cotton Poplin Reverse Short Sleeve Shirt,543-HP73112,Cream / Navy,L,20,45,http://test.examplestore.com/productImages/543-HP73112-CREAM-NAVY.png,1,Reverse| February,Super Tones,1
HP73112,Wili Pareau,100% Cotton Poplin Reverse Short Sleeve Shirt,543-HP73112,Cream / Navy,XL,20,45,http://test.examplestore.com/productImages/543-HP73112-CREAM-NAVY.png,1,Reverse| February,Super Tones,1
HP73112,Wili Pareau,100% Cotton Poplin Reverse Short Sleeve Shirt,543-HP73112,Navy / Yellow,S,20,45,http://test.examplestore.com/productImages/543-HP73112-NAVY-YELLOW.png,1,Reverse| February,Super Tones,1
HP73112,Wili Pareau,100% Cotton Poplin Reverse Short Sleeve Shirt,543-HP73112,Navy / Yellow,M,20,45,http://test.examplestore.com/productImages/543-HP73112-NAVY-YELLOW.png,1,Reverse| February,Super Tones,1
HP73112,Wili Pareau,100% Cotton Poplin Reverse Short Sleeve Shirt,543-HP73112,Navy / Yellow,L,20,45,http://test.examplestore.com/productImages/543-HP73112-NAVY-YELLOW.png,1,Reverse| February,Super Tones,1
HP73112,Wili Pareau,100% Cotton Poplin Reverse Short Sleeve Shirt,543-HP73112,Navy / Yellow,XL,20,45,http://test.examplestore.com/productImages/543-HP73112-NAVY-YELLOW.png,1,Reverse| February,Super Tones,1
HP73112,Wili Pareau,100% Cotton Poplin Reverse Short Sleeve Shirt,593-HP73112,White / Navy,2XL,22,47,http://test.examplestore.com/productImages/593-HP73112-WHITE-NAVY.png,1,Reverse| February,Super Tones,1
HP73112,Wili Pareau,100% Cotton Poplin Reverse Short Sleeve Shirt,593-HP73112,White / Navy,3XL,22,47,http://test.examplestore.com/productImages/593-HP73112-WHITE-NAVY.png,1,Reverse| February,Super Tones,1
HP73112,Wili Pareau,100% Cotton Poplin Reverse Short Sleeve Shirt,593-HP73112,Black / Cream,2XL,22,47,http://test.examplestore.com/productImages/593-HP73112-BLACK-CREAM.png,1,Reverse| February,Super Tones,1
HP73112,Wili Pareau,100% Cotton Poplin Reverse Short Sleeve Shirt,593-HP73112,Black / Cream,3XL,22,47,http://test.examplestore.com/productImages/593-HP73112-BLACK-CREAM.png,1,Reverse| February,Super Tones,1
HP73112,Wili Pareau,100% Cotton Poplin Reverse Short Sleeve Shirt,593-HP73112,Cream / Navy,2XL,22,47,http://test.examplestore.com/productImages/593-HP73112-CREAM-NAVY.png,1,Reverse| February,Super Tones,1
HP73112,Wili Pareau,100% Cotton Poplin Reverse Short Sleeve Shirt,593-HP73112,Cream / Navy,3XL,22,47,http://test.examplestore.com/productImages/593-HP73112-CREAM-NAVY.png,1,Reverse| February,Super Tones,1
HP73112,Wili Pareau,100% Cotton Poplin Reverse Short Sleeve Shirt,593-HP73112,Navy / Yellow,2XL,22,47,http://test.examplestore.com/productImages/593-HP73112-NAVY-YELLOW.png,1,Reverse| February,Super Tones,1
HP73112,Wili Pareau,100% Cotton Poplin Reverse Short Sleeve Shirt,593-HP73112,Navy / Yellow,3XL,22,47,http://test.examplestore.com/productImages/593-HP73112-NAVY-YELLOW.png,1,Reverse| February,Super Tones,1
HP73113,Hala,100% Cotton Poplin Reverse Short Sleeve Shirt,543-HP73113,Chambray,S,20,45,http://test.examplestore.com/productImages/543-HP73113-CHAMBRAY.png,1,Reverse| February,Super Tones,1
HP73113,Hala,100% Cotton Poplin Reverse Short Sleeve Shirt,543-HP73113,Chambray,M,20,45,http://test.examplestore.com/productImages/543-HP73113-CHAMBRAY.png,1,Reverse| February,Super Tones,1
HP73113,Hala,100% Cotton Poplin Reverse Short Sleeve Shirt,543-HP73113,Chambray,L,20,45,http://test.examplestore.com/productImages/543-HP73113-CHAMBRAY.png,1,Reverse| February,Super Tones,1
HP73113,Hala,100% Cotton Poplin Reverse Short Sleeve Shirt,543-HP73113,Chambray,XL,20,45,http://test.examplestore.com/productImages/543-HP73113-CHAMBRAY.png,1,Reverse| February,Super Tones,1
HP73113,Hala,100% Cotton Poplin Reverse Short Sleeve Shirt,543-HP73113,Khaki,S,20,45,http://test.examplestore.com/productImages/543-HP73113-KHAKI.png,1,Reverse| February,Super Tones,1
HP73113,Hala,100% Cotton Poplin Reverse Short Sleeve Shirt,543-HP73113,Khaki,M,20,45,http://test.examplestore.com/productImages/543-HP73113-KHAKI.png,1,Reverse| February,Super Tones,1
HP73113,Hala,100% Cotton Poplin Reverse Short Sleeve Shirt,543-HP73113,Khaki,L,20,45,http://test.examplestore.com/productImages/543-HP73113-KHAKI.png,1,Reverse| February,Super Tones,1
HP73113,Hala,100% Cotton Poplin Reverse Short Sleeve Shirt,543-HP73113,Khaki,XL,20,45,http://test.examplestore.com/productImages/543-HP73113-KHAKI.png,1,Reverse| February,Super Tones,1
HP73113,Hala,100% Cotton Poplin Reverse Short Sleeve Shirt,543-HP73113,Burgandy,S,20,45,http://test.examplestore.com/productImages/543-HP73113-BURGANDY.png,1,Reverse| February,Super Tones,1
HP73113,Hala,100% Cotton Poplin Reverse Short Sleeve Shirt,543-HP73113,Burgandy,M,20,45,http://test.examplestore.com/productImages/543-HP73113-BURGANDY.png,1,Reverse| February,Super Tones,1
HP73113,Hala,100% Cotton Poplin Reverse Short Sleeve Shirt,543-HP73113,Burgandy,L,20,45,http://test.examplestore.com/productImages/543-HP73113-BURGANDY.png,1,Reverse| February,Super Tones,1
HP73113,Hala,100% Cotton Poplin Reverse Short Sleeve Shirt,543-HP73113,Burgandy,XL,20,45,http://test.examplestore.com/productImages/543-HP73113-BURGANDY.png,1,Reverse| February,Super Tones,1
HP73113,Hala,100% Cotton Poplin Reverse Short Sleeve Shirt,593-HP73113,Chambray,2XL,22,47,http://test.examplestore.com/productImages/593-HP73113-CHAMBRAY.png,1,Reverse| February,Super Tones,1
HP73113,Hala,100% Cotton Poplin Reverse Short Sleeve Shirt,593-HP73113,Chambray,3XL,22,47,http://test.examplestore.com/productImages/593-HP73113-CHAMBRAY.png,1,Reverse| February,Super Tones,1
HP73113,Hala,100% Cotton Poplin Reverse Short Sleeve Shirt,593-HP73113,Khaki,2XL,22,47,http://test.examplestore.com/productImages/593-HP73113-KHAKI.png,1,Reverse| February,Super Tones,1
HP73113,Hala,100% Cotton Poplin Reverse Short Sleeve Shirt,593-HP73113,Khaki,3XL,22,47,http://test.examplestore.com/productImages/593-HP73113-KHAKI.png,1,Reverse| February,Super Tones,1
HP73113,Hala,100% Cotton Poplin Reverse Short Sleeve Shirt,593-HP73113,Burgandy,2XL,22,47,http://test.examplestore.com/productImages/593-HP73113-BURGANDY.png,1,Reverse| February,Super Tones,1
HP73113,Hala,100% Cotton Poplin Reverse Short Sleeve Shirt,593-HP73113,Burgandy,3XL,22,47,http://test.examplestore.com/productImages/593-HP73113-BURGANDY.png,1,Reverse| February,Super Tones,1
HP73147,Kalia,100% Cotton Poplin Reverse Short Sleeve Shirt,543-HP73147,Green,S,20,45,http://test.examplestore.com/productImages/543-HP73147-GREEN.png,1,Reverse| February,Super Tones,1
HP73147,Kalia,100% Cotton Poplin Reverse Short Sleeve Shirt,543-HP73147,Green,M,20,45,http://test.examplestore.com/productImages/543-HP73147-GREEN.png,1,Reverse| February,Super Tones,1
HP73147,Kalia,100% Cotton Poplin Reverse Short Sleeve Shirt,543-HP73147,Green,L,20,45,http://test.examplestore.com/productImages/543-HP73147-GREEN.png,1,Reverse| February,Super Tones,1
HP73147,Kalia,100% Cotton Poplin Reverse Short Sleeve Shirt,543-HP73147,Green,XL,20,45,http://test.examplestore.com/productImages/543-HP73147-GREEN.png,1,Reverse| February,Super Tones,1
HP73147,Kalia,100% Cotton Poplin Reverse Short Sleeve Shirt,543-HP73147,Blue,S,20,45,http://test.examplestore.com/productImages/543-HP73147-BLUE.png,1,Reverse| February,Super Tones,1
HP73147,Kalia,100% Cotton Poplin Reverse Short Sleeve Shirt,543-HP73147,Blue,M,20,45,http://test.examplestore.com/productImages/543-HP73147-BLUE.png,1,Reverse| February,Super Tones,1
HP73147,Kalia,100% Cotton Poplin Reverse Short Sleeve Shirt,543-HP73147,Blue,L,20,45,http://test.examplestore.com/productImages/543-HP73147-BLUE.png,1,Reverse| February,Super Tones,1
HP73147,Kalia,100% Cotton Poplin Reverse Short Sleeve Shirt,543-HP73147,Blue,XL,20,45,http://test.examplestore.com/productImages/543-HP73147-BLUE.png,1,Reverse| February,Super Tones,1
HP73147,Kalia,100% Cotton Poplin Reverse Short Sleeve Shirt,543-HP73147,Red,S,20,45,http://test.examplestore.com/productImages/543-HP73147-RED.png,1,Reverse| February,Super Tones,1
HP73147,Kalia,100% Cotton Poplin Reverse Short Sleeve Shirt,543-HP73147,Red,M,20,45,http://test.examplestore.com/productImages/543-HP73147-RED.png,1,Reverse| February,Super Tones,1
HP73147,Kalia,100% Cotton Poplin Reverse Short Sleeve Shirt,543-HP73147,Red,L,20,45,http://test.examplestore.com/productImages/543-HP73147-RED.png,1,Reverse| February,Super Tones,1
HP73147,Kalia,100% Cotton Poplin Reverse Short Sleeve Shirt,543-HP73147,Red,XL,20,45,http://test.examplestore.com/productImages/543-HP73147-RED.png,1,Reverse| February,Super Tones,1
HP73147,Kalia,100% Cotton Poplin Reverse Short Sleeve Shirt,593-HP73147,Green,2XL,22,47,http://test.examplestore.com/productImages/593-HP73147-GREEN.png,1,Reverse| February,Super Tones,1
HP73147,Kalia,100% Cotton Poplin Reverse Short Sleeve Shirt,593-HP73147,Green,3XL,22,47,http://test.examplestore.com/productImages/593-HP73147-GREEN.png,1,Reverse| February,Super Tones,1
HP73147,Kalia,100% Cotton Poplin Reverse Short Sleeve Shirt,593-HP73147,Blue,2XL,22,47,http://test.examplestore.com/productImages/593-HP73147-BLUE.png,1,Reverse| February,Super Tones,1
HP73147,Kalia,100% Cotton Poplin Reverse Short Sleeve Shirt,593-HP73147,Blue,3XL,22,47,http://test.examplestore.com/productImages/593-HP73147-BLUE.png,1,Reverse| February,Super Tones,1
HP73147,Kalia,100% Cotton Poplin Reverse Short Sleeve Shirt,593-HP73147,Red,2XL,22,47,http://test.examplestore.com/productImages/593-HP73147-RED.png,1,Reverse| February,Super Tones,1
HP73147,Kalia,100% Cotton Poplin Reverse Short Sleeve Shirt,593-HP73147,Red,3XL,22,47,http://test.examplestore.com/productImages/593-HP73147-RED.png,1,Reverse| February,Super Tones,1
HP73126,Raiatea,100% Cotton Poplin Reverse Short Sleeve Shirt,543-HP73126,Navy,S,20,45,http://test.examplestore.com/productImages/543-HP73126-NAVY.png,1,Reverse| February,Super Tones,1
HP73126,Raiatea,100% Cotton Poplin Reverse Short Sleeve Shirt,543-HP73126,Navy,M,20,45,http://test.examplestore.com/productImages/543-HP73126-NAVY.png,1,Reverse| February,Super Tones,1
HP73126,Raiatea,100% Cotton Poplin Reverse Short Sleeve Shirt,543-HP73126,Navy,L,20,45,http://test.examplestore.com/productImages/543-HP73126-NAVY.png,1,Reverse| February,Super Tones,1
HP73126,Raiatea,100% Cotton Poplin Reverse Short Sleeve Shirt,543-HP73126,Navy,XL,20,45,http://test.examplestore.com/productImages/543-HP73126-NAVY.png,1,Reverse| February,Super Tones,1
HP73126,Raiatea,100% Cotton Poplin Reverse Short Sleeve Shirt,543-HP73126,Green,S,20,45,http://test.examplestore.com/productImages/543-HP73126-GREEN.png,1,Reverse| February,Super Tones,1
HP73126,Raiatea,100% Cotton Poplin Reverse Short Sleeve Shirt,543-HP73126,Green,M,20,45,http://test.examplestore.com/productImages/543-HP73126-GREEN.png,1,Reverse| February,Super Tones,1
HP73126,Raiatea,100% Cotton Poplin Reverse Short Sleeve Shirt,543-HP73126,Green,L,20,45,http://test.examplestore.com/productImages/543-HP73126-GREEN.png,1,Reverse| February,Super Tones,1
HP73126,Raiatea,100% Cotton Poplin Reverse Short Sleeve Shirt,543-HP73126,Green,XL,20,45,http://test.examplestore.com/productImages/543-HP73126-GREEN.png,1,Reverse| February,Super Tones,1
HP73126,Raiatea,100% Cotton Poplin Reverse Short Sleeve Shirt,543-HP73126,Teal,S,20,45,http://test.examplestore.com/productImages/543-HP73126-TEAL.png,1,Reverse| February,Super Tones,1
HP73126,Raiatea,100% Cotton Poplin Reverse Short Sleeve Shirt,543-HP73126,Teal,M,20,45,http://test.examplestore.com/productImages/543-HP73126-TEAL.png,1,Reverse| February,Super Tones,1
HP73126,Raiatea,100% Cotton Poplin Reverse Short Sleeve Shirt,543-HP73126,Teal,L,20,45,http://test.examplestore.com/productImages/543-HP73126-TEAL.png,1,Reverse| February,Super Tones,1
HP73126,Raiatea,100% Cotton Poplin Reverse Short Sleeve Shirt,543-HP73126,Teal,XL,20,45,http://test.examplestore.com/productImages/543-HP73126-TEAL.png,1,Reverse| February,Super Tones,1
HP73126,Raiatea,100% Cotton Poplin Reverse Short Sleeve Shirt,593-HP73126,Navy,2XL,22,47,http://test.examplestore.com/productImages/593-HP73126-NAVY.png,1,Reverse| February,Super Tones,1
HP73126,Raiatea,100% Cotton Poplin Reverse Short Sleeve Shirt,593-HP73126,Navy,3XL,22,47,http://test.examplestore.com/productImages/593-HP73126-NAVY.png,1,Reverse| February,Super Tones,1
HP73126,Raiatea,100% Cotton Poplin Reverse Short Sleeve Shirt,593-HP73126,Green,2XL,22,47,http://test.examplestore.com/productImages/593-HP73126-GREEN.png,1,Reverse| February,Super Tones,1
HP73126,Raiatea,100% Cotton Poplin Reverse Short Sleeve Shirt,593-HP73126,Green,3XL,22,47,http://test.examplestore.com/productImages/593-HP73126-GREEN.png,1,Reverse| February,Super Tones,1
HP73126,Raiatea,100% Cotton Poplin Reverse Short Sleeve Shirt,593-HP73126,Teal,2XL,22,47,http://test.examplestore.com/productImages/593-HP73126-TEAL.png,1,Reverse| February,Super Tones,1
HP73126,Raiatea,100% Cotton Poplin Reverse Short Sleeve Shirt,593-HP73126,Teal,3XL,22,47,http://test.examplestore.com/productImages/593-HP73126-TEAL.png,1,Reverse| February,Super Tones,1
HP73171,Makua,100% Cotton Poplin Reverse Short Sleeve Shirt,543-HP73171,Khaki,S,20,45,http://test.examplestore.com/productImages/543-HP73171-KHAKI.png,1,Reverse| February,Super Tones,1
HP73171,Makua,100% Cotton Poplin Reverse Short Sleeve Shirt,543-HP73171,Khaki,M,20,45,http://test.examplestore.com/productImages/543-HP73171,1,Reverse| February,Super Tones,1
HP73171,Makua,100% Cotton Poplin Reverse Short Sleeve Shirt,543-HP73171,Khaki,L,20,45,http://test.examplestore.com/productImages/543-HP73171,1,Reverse| February,Super Tones,1
HP73171,Makua,100% Cotton Poplin Reverse Short Sleeve Shirt,543-HP73171,Khaki,XL,20,45,http://test.examplestore.com/productImages/543-HP73171,1,Reverse| February,Super Tones,1
HP73171,Makua,100% Cotton Poplin Reverse Short Sleeve Shirt,543-HP73171,Sage,S,20,45,http://test.examplestore.com/productImages/543-HP73171-SAGE.png,1,Reverse| February,Super Tones,1
HP73171,Makua,100% Cotton Poplin Reverse Short Sleeve Shirt,543-HP73171,Sage,M,20,45,http://test.examplestore.com/productImages/543-HP73171,1,Reverse| February,Super Tones,1
HP73171,Makua,100% Cotton Poplin Reverse Short Sleeve Shirt,543-HP73171,Sage,L,20,45,http://test.examplestore.com/productImages/543-HP73171,1,Reverse| February,Super Tones,1
HP73171,Makua,100% Cotton Poplin Reverse Short Sleeve Shirt,543-HP73171,Sage,XL,20,45,http://test.examplestore.com/productImages/543-HP73171,1,Reverse| February,Super Tones,1
HP73171,Makua,100% Cotton Poplin Reverse Short Sleeve Shirt,543-HP73171,Navy,S,20,45,http://test.examplestore.com/productImages/543-HP73171-NAVY.png,1,Reverse| February,Super Tones,1
HP73171,Makua,100% Cotton Poplin Reverse Short Sleeve Shirt,543-HP73171,Navy,M,20,45,http://test.examplestore.com/productImages/543-HP73171,1,Reverse| February,Super Tones,1
HP73171,Makua,100% Cotton Poplin Reverse Short Sleeve Shirt,543-HP73171,Navy,L,20,45,http://test.examplestore.com/productImages/543-HP73171,1,Reverse| February,Super Tones,1
HP73171,Makua,100% Cotton Poplin Reverse Short Sleeve Shirt,543-HP73171,Navy,XL,20,45,http://test.examplestore.com/productImages/543-HP73171,1,Reverse| February,Super Tones,1
HP73171,Makua,100% Cotton Poplin Reverse Short Sleeve Shirt,543-HP73171,Red,S,20,45,http://test.examplestore.com/productImages/543-HP73171-RED.png,1,Reverse| February,Super Tones,1
HP73171,Makua,100% Cotton Poplin Reverse Short Sleeve Shirt,543-HP73171,Red,M,20,45,http://test.examplestore.com/productImages/543-HP73171,1,Reverse| February,Super Tones,1
HP73171,Makua,100% Cotton Poplin Reverse Short Sleeve Shirt,543-HP73171,Red,L,20,45,http://test.examplestore.com/productImages/543-HP73171,1,Reverse| February,Super Tones,1
HP73171,Makua,100% Cotton Poplin Reverse Short Sleeve Shirt,543-HP73171,Red,XL,20,45,http://test.examplestore.com/productImages/543-HP73171,1,Reverse| February,Super Tones,1
HP73171,Makua,100% Cotton Poplin Reverse Short Sleeve Shirt,593-HP73171,Khaki,2XL,22,47,http://test.examplestore.com/productImages/593-HP73171-KHAKI.png,1,Reverse| February,Super Tones,1
HP73171,Makua,100% Cotton Poplin Reverse Short Sleeve Shirt,593-HP73171,Khaki,3XL,22,47,http://test.examplestore.com/productImages/593-HP73171,1,Reverse| February,Super Tones,1
HP73171,Makua,100% Cotton Poplin Reverse Short Sleeve Shirt,593-HP73171,Sage,2XL,22,47,http://test.examplestore.com/productImages/593-HP73171-SAGE.png,1,Reverse| February,Super Tones,1
HP73171,Makua,100% Cotton Poplin Reverse Short Sleeve Shirt,593-HP73171,Sage,3XL,22,47,http://test.examplestore.com/productImages/593-HP73171,1,Reverse| February,Super Tones,1
HP73171,Makua,100% Cotton Poplin Reverse Short Sleeve Shirt,593-HP73171,Navy,2XL,22,47,http://test.examplestore.com/productImages/593-HP73171-NAVY.png,1,Reverse| February,Super Tones,1
HP73171,Makua,100% Cotton Poplin Reverse Short Sleeve Shirt,593-HP73171,Navy,3XL,22,47,http://test.examplestore.com/productImages/593-HP73171,1,Reverse| February,Super Tones,1
HP73171,Makua,100% Cotton Poplin Reverse Short Sleeve Shirt,593-HP73171,Red,2XL,22,47,http://test.examplestore.com/productImages/593-HP73171-RED.png,1,Reverse| February,Super Tones,1
HP73171,Makua,100% Cotton Poplin Reverse Short Sleeve Shirt,593-HP73171,Red,3XL,22,47,http://test.examplestore.com/productImages/593-HP73171,1,Reverse| February,Super Tones,1
HP73229,Areca Palms,100% Cotton Poplin Reverse Short Sleeve Shirt,543-HP73229,Black,S,20,45,http://test.examplestore.com/productImages/543-HP73229-BLACK.png,1,Reverse| March,Super Tones,1
HP73229,Areca Palms,100% Cotton Poplin Reverse Short Sleeve Shirt,543-HP73229,Black,M,20,45,http://test.examplestore.com/productImages/543-HP73229,1,Reverse| March,Super Tones,1
HP73229,Areca Palms,100% Cotton Poplin Reverse Short Sleeve Shirt,543-HP73229,Black,L,20,45,http://test.examplestore.com/productImages/543-HP73229,1,Reverse| March,Super Tones,1
HP73229,Areca Palms,100% Cotton Poplin Reverse Short Sleeve Shirt,543-HP73229,Black,XL,20,45,http://test.examplestore.com/productImages/543-HP73229,1,Reverse| March,Super Tones,1
HP73229,Areca Palms,100% Cotton Poplin Reverse Short Sleeve Shirt,543-HP73229,Green,S,20,45,http://test.examplestore.com/productImages/543-HP73229-GREEN.png,1,Reverse| March,Super Tones,1
HP73229,Areca Palms,100% Cotton Poplin Reverse Short Sleeve Shirt,543-HP73229,Green,M,20,45,http://test.examplestore.com/productImages/543-HP73229,1,Reverse| March,Super Tones,1
HP73229,Areca Palms,100% Cotton Poplin Reverse Short Sleeve Shirt,543-HP73229,Green,L,20,45,http://test.examplestore.com/productImages/543-HP73229,1,Reverse| March,Super Tones,1
HP73229,Areca Palms,100% Cotton Poplin Reverse Short Sleeve Shirt,543-HP73229,Green,XL,20,45,http://test.examplestore.com/productImages/543-HP73229,1,Reverse| March,Super Tones,1
HP73229,Areca Palms,100% Cotton Poplin Reverse Short Sleeve Shirt,543-HP73229,Blue,S,20,45,http://test.examplestore.com/productImages/543-HP73229-BLUE.png,1,Reverse| March,Super Tones,1
HP73229,Areca Palms,100% Cotton Poplin Reverse Short Sleeve Shirt,543-HP73229,Blue,M,20,45,http://test.examplestore.com/productImages/543-HP73229,1,Reverse| March,Super Tones,1
HP73229,Areca Palms,100% Cotton Poplin Reverse Short Sleeve Shirt,543-HP73229,Blue,L,20,45,http://test.examplestore.com/productImages/543-HP73229,1,Reverse| March,Super Tones,1
HP73229,Areca Palms,100% Cotton Poplin Reverse Short Sleeve Shirt,543-HP73229,Blue,XL,20,45,http://test.examplestore.com/productImages/543-HP73229,1,Reverse| March,Super Tones,1
HP73229,Areca Palms,100% Cotton Poplin Reverse Short Sleeve Shirt,593-HP73229,Black,2XL,22,47,http://test.examplestore.com/productImages/593-HP73229-BLACK.png,1,Reverse| March,Super Tones,1
HP73229,Areca Palms,100% Cotton Poplin Reverse Short Sleeve Shirt,593-HP73229,Black,3XL,22,47,http://test.examplestore.com/productImages/593-HP73229,1,Reverse| March,Super Tones,1
HP73229,Areca Palms,100% Cotton Poplin Reverse Short Sleeve Shirt,593-HP73229,Green,2XL,22,47,http://test.examplestore.com/productImages/593-HP73229-GREEN.png,1,Reverse| March,Super Tones,1
HP73229,Areca Palms,100% Cotton Poplin Reverse Short Sleeve Shirt,593-HP73229,Green,3XL,22,47,http://test.examplestore.com/productImages/593-HP73229,1,Reverse| March,Super Tones,1
HP73229,Areca Palms,100% Cotton Poplin Reverse Short Sleeve Shirt,593-HP73229,Blue,2XL,22,47,http://test.examplestore.com/productImages/593-HP73229-BLUE.png,1,Reverse| March,Super Tones,1
HP73229,Areca Palms,100% Cotton Poplin Reverse Short Sleeve Shirt,593-HP73229,Blue,3XL,22,47,http://test.examplestore.com/productImages/593-HP73229,1,Reverse| March,Super Tones,1
HP73230,Pua Kaha Kaha,100% Cotton Poplin Reverse Short Sleeve Shirt,543-HP73230,Red,S,20,45,http://test.examplestore.com/productImages/543-HP73230-RED.png,1,Reverse| March,Super Tones,1
HP73230,Pua Kaha Kaha,100% Cotton Poplin Reverse Short Sleeve Shirt,543-HP73230,Red,M,20,45,http://test.examplestore.com/productImages/543-HP73230,1,Reverse| March,Super Tones,1
HP73230,Pua Kaha Kaha,100% Cotton Poplin Reverse Short Sleeve Shirt,543-HP73230,Red,L,20,45,http://test.examplestore.com/productImages/543-HP73230,1,Reverse| March,Super Tones,1
HP73230,Pua Kaha Kaha,100% Cotton Poplin Reverse Short Sleeve Shirt,543-HP73230,Red,XL,20,45,http://test.examplestore.com/productImages/543-HP73230,1,Reverse| March,Super Tones,1
HP73230,Pua Kaha Kaha,100% Cotton Poplin Reverse Short Sleeve Shirt,543-HP73230,White,S,20,45,http://test.examplestore.com/productImages/543-HP73230-WHITE.png,1,Reverse| March,Super Tones,1
HP73230,Pua Kaha Kaha,100% Cotton Poplin Reverse Short Sleeve Shirt,543-HP73230,White,M,20,45,http://test.examplestore.com/productImages/543-HP73230,1,Reverse| March,Super Tones,1
HP73230,Pua Kaha Kaha,100% Cotton Poplin Reverse Short Sleeve Shirt,543-HP73230,White,L,20,45,http://test.examplestore.com/productImages/543-HP73230,1,Reverse| March,Super Tones,1
HP73230,Pua Kaha Kaha,100% Cotton Poplin Reverse Short Sleeve Shirt,543-HP73230,White,XL,20,45,http://test.examplestore.com/productImages/543-HP73230,1,Reverse| March,Super Tones,1
HP73230,Pua Kaha Kaha,100% Cotton Poplin Reverse Short Sleeve Shirt,543-HP73230,Blue,S,20,45,http://test.examplestore.com/productImages/543-HP73230-BLUE.png,1,Reverse| March,Super Tones,1
HP73230,Pua Kaha Kaha,100% Cotton Poplin Reverse Short Sleeve Shirt,543-HP73230,Blue,M,20,45,http://test.examplestore.com/productImages/543-HP73230,1,Reverse| March,Super Tones,1
HP73230,Pua Kaha Kaha,100% Cotton Poplin Reverse Short Sleeve Shirt,543-HP73230,Blue,L,20,45,http://test.examplestore.com/productImages/543-HP73230,1,Reverse| March,Super Tones,1
HP73230,Pua Kaha Kaha,100% Cotton Poplin Reverse Short Sleeve Shirt,543-HP73230,Blue,XL,20,45,http://test.examplestore.com/productImages/543-HP73230,1,Reverse| March,Super Tones,1
HP73230,Pua Kaha Kaha,100% Cotton Poplin Reverse Short Sleeve Shirt,593-HP73230,Red,2XL,22,47,http://test.examplestore.com/productImages/593-HP73230-RED.png,1,Reverse| March,Super Tones,1
HP73230,Pua Kaha Kaha,100% Cotton Poplin Reverse Short Sleeve Shirt,593-HP73230,Red,3XL,22,47,http://test.examplestore.com/productImages/593-HP73230,1,Reverse| March,Super Tones,1
HP73230,Pua Kaha Kaha,100% Cotton Poplin Reverse Short Sleeve Shirt,593-HP73230,White,2XL,22,47,http://test.examplestore.com/productImages/593-HP73230-WHITE.png,1,Reverse| March,Super Tones,1
HP73230,Pua Kaha Kaha,100% Cotton Poplin Reverse Short Sleeve Shirt,593-HP73230,White,3XL,22,47,http://test.examplestore.com/productImages/593-HP73230,1,Reverse| March,Super Tones,1
HP73230,Pua Kaha Kaha,100% Cotton Poplin Reverse Short Sleeve Shirt,593-HP73230,Blue,2XL,22,47,http://test.examplestore.com/productImages/593-HP73230-BLUE.png,1,Reverse| March,Super Tones,1
HP73230,Pua Kaha Kaha,100% Cotton Poplin Reverse Short Sleeve Shirt,593-HP73230,Blue,3XL,22,47,http://test.examplestore.com/productImages/593-HP73230,1,Reverse| March,Super Tones,1
,Gardenia Mug,,MUG-MAMO-GARD,,,4,9.99,http://test.examplestore.com/productImages/MUG-MAMO-GARD.png,2,Mugs,Old Crafts,1
,Bird of Paradise Mug,,MUG-MAMO-BIRD,,,4,9.99,http://test.examplestore.com/productImages/MUG-MAMO-BIRD.png,2,Mugs,Old Crafts,1
,Ylang Ylang Mug,,MUG-MAMO-YLANG,,,4,9.99,http://test.examplestore.com/productImages/MUG-MAMO-YLANG.png,2,Mugs,Old Crafts,1
,Ulu Mug,,MUG-MAMO-ULU,,,4,9.99,http://test.examplestore.com/productImages/MUG-MAMO-YLANG.png,2,Mugs,Old Crafts,1
,Ylang Ylang,,TOTE-MAMO-YLANG,,,3,6.99,http://test.examplestore.com/productImages/TOTE-MAMO-YLANG.png,1.5,Insulated Cooler Bags,Old Crafts,1
,Gardenia,,TOTE-MAMO-GARD,,,3,6.99,http://test.examplestore.com/productImages/TOTE-MAMO-GARD.png,1.5,Insulated Cooler Bags,Old Crafts,1
,Wili Wili,,TOTE-MAMO-WILI,,,3,6.99,http://test.examplestore.com/productImages/TOTE-MAMO-WILI.png,1.5,Insulated Cooler Bags,Old Crafts,1
,Ulu,,TOTE-MAMO-ULU,,,3,6.99,http://test.examplestore.com/productImages/TOTE-MAMO-ULU.png,1.5,Insulated Cooler Bags,Old Crafts,1
,Flower,,TOTE-MAMO-HIBIS,,,3,6.99,http://test.examplestore.com/productImages/TOTE-MAMO-HIBIS.png,1.5,Insulated Cooler Bags,Old Crafts,1
,Protea,,TOTE-MAMO-PROTE,,,3,6.99,http://test.examplestore.com/productImages/TOTE-MAMO-PROTE.png,1.5,Insulated Cooler Bags,Old Crafts,1
,Oven Mitt & Pot Handler Set Kaunaoa,,MITT-KAUNAOA,Blue,,4.5,9.99,http://test.examplestore.com/productImages/MITT-KAUNAOA-BLUE.png,1.5,Kitchen,Old Crafts,1
,Oven Mitt & Pot Handler Set Kaunaoa,,MITT-KAUNAOA,Green,,4.5,9.99,http://test.examplestore.com/productImages/MITT-KAUNAOA-GREEN.png,1.5,Kitchen,Old Crafts,1
,Oven Mitt & Pot Handler Set Kaunaoa,,MITT-KAUNAOA,Black,,4.5,9.99,http://test.examplestore.com/productImages/MITT-KAUNAOA-BLACK.png,1.5,Kitchen,Old Crafts,1
,Oven Mitt & Pot Handler Set Kaunaoa,,POTHOLD-KAUNAOA,Blue,,4.5,9.99,http://test.examplestore.com/productImages/POTHOLD-KAUNAOA-BLUE.png,1.5,Kitchen,Old Crafts,1
,Oven Mitt & Pot Handler Set Kaunaoa,,POTHOLD-KAUNAOA,Green,,4.5,9.99,http://test.examplestore.com/productImages/POTHOLD-KAUNAOA-GREEN.png,1.5,Kitchen,Old Crafts,1
,Oven Mitt & Pot Handler Set Kaunaoa,,POTHOLD-KAUNAOA,Black,,4.5,9.99,http://test.examplestore.com/productImages/POTHOLD-KAUNAOA-BLACK.png,1.5,Kitchen,Old Crafts,1
,Apron Kaunaoa,,APRON-KAUNAOA,Blue,,8,16.99,http://test.examplestore.com/productImages/APRON-KAUNAOA-BLUE.png,1.5,Kitchen,Old Crafts,1
,Apron Kaunaoa,,APRON-KAUNAOA,Green,,8,16.99,http://test.examplestore.com/productImages/APRON-KAUNAOA-GREEN.png,1.5,Kitchen,Old Crafts,1
,Apron Kaunaoa,,APRON-KAUNAOA,Black,,8,16.99,http://test.examplestore.com/productImages/APRON-KAUNAOA-BLACK.png,1.5,Kitchen,Old Crafts,1
,Oven Mitt & Pot Handler Set Monstera,,MITT-MONSTERA,Cream,,4.5,9.99,http://test.examplestore.com/productImages/MITT-MONSTERA-CREAM.png,1.5,Kitchen,Old Crafts,1
,Oven Mitt & Pot Handler Set Monstera,,MITT-MONSTERA,Blue,,4.5,9.99,http://test.examplestore.com/productImages/MITT-MONSTERA-BLUE.png,1.5,Kitchen,Old Crafts,1
,Oven Mitt & Pot Handler Set Monstera,,MITT-MONSTERA,Black,,4.5,9.99,http://test.examplestore.com/productImages/MITT-MONSTERA-BLACK.png,1.5,Kitchen,Old Crafts,1
,Oven Mitt & Pot Handler Set Monstera,,POTHOLD-MONSTERA,Cream,,4.5,9.99,http://test.examplestore.com/productImages/POTHOLD-MONSTERA-CREAM.png,1.5,Kitchen,Old Crafts,1
,Oven Mitt & Pot Handler Set Monstera,,POTHOLD-MONSTERA,Blue,,4.5,9.99,http://test.examplestore.com/productImages/POTHOLD-MONSTERA-BLUE.png,1.5,Kitchen,Old Crafts,1
,Oven Mitt & Pot Handler Set Monstera,,POTHOLD-MONSTERA,Black,,4.5,9.99,http://test.examplestore.com/productImages/POTHOLD-MONSTERA-BLACK.png,1.5,Kitchen,Old Crafts,1
,Apron Monstera,,APRON-MONSTERA,Cream,,8,16.99,http://test.examplestore.com/productImages/APRON-MONSTERA-CREAM.png,1.5,Kitchen,Old Crafts,1
,Apron Monstera,,APRON-MONSTERA,Blue,,8,16.99,http://test.examplestore.com/productImages/APRON-MONSTERA-BLUE.png,1.5,Kitchen,Old Crafts,1
,Apron Monstera,,APRON-MONSTERA,Black,,8,16.99,http://test.examplestore.com/productImages/APRON-MONSTERA-BLACK.png,1.5,Kitchen,Old Crafts,1
,Kihei Pili (Baby Planket),Hawaiian Baby Blanket,BLNKT-KIHEIPILI,Yellow,,10,20,http://test.examplestore.com/productImages/BLNKT-KIHEIPILI-YELLOW.png,1.5,Baby Blankets,Old Crafts,1
,Kihei Pili (Baby Planket),Hawaiian Baby Blanket,BLNKT-KIHEIPILI,Brown,,10,20,http://test.examplestore.com/productImages/BLNKT-KIHEIPILI-BROWN.png,1.5,Baby Blankets,Old Crafts,1
,Kihei Pili (Baby Planket),Hawaiian Baby Blanket,BLNKT-KIHEIPILI,Pink,,10,20,http://test.examplestore.com/productImages/BLNKT-KIHEIPILI-PINK.png,1.5,Baby Blankets,Old Crafts,1
,Kihei Pili (Baby Planket),Hawaiian Baby Blanket,BLNKT-KIHEIPILI,Lavendar,,10,20,http://test.examplestore.com/productImages/BLNKT-KIHEIPILI-LAVENDAR.png,1.5,Baby Blankets,Old Crafts,1
,Kihei Pili (Baby Planket),Hawaiian Baby Blanket,BLNKT-KIHEIPILI,Blue,,10,20,http://test.examplestore.com/productImages/BLNKT-KIHEIPILI-BLUE.png,1.5,Baby Blankets,Old Crafts,1
,Kihei Pili (Baby Planket),Hawaiian Baby Blanket,BLNKT-KIHEIPILI,Red,,10,20,http://test.examplestore.com/productImages/BLNKT-KIHEIPILI-RED.png,1.5,Baby Blankets,Old Crafts,1
,Kim Jung Yil Tapa,100% Silk Short Sleeve Shirt,504-P3125,Green,S,42,88,http://test.examplestore.com/productImages/504-P3125-GREEN.jpg,1,Silks| Short Sleeve,Kim Jung Yil,1
,Kim Jung Yil Tapa,100% Silk Short Sleeve Shirt,504-P3125,Green,M,42,88,http://test.examplestore.com/productImages/504-P3125-GREEN.jpg,1,Silks| Short Sleeve,Kim Jung Yil,1
,Kim Jung Yil Tapa,100% Silk Short Sleeve Shirt,504-P3125,Green,L,42,88,http://test.examplestore.com/productImages/504-P3125-GREEN.jpg,1,Silks| Short Sleeve,Kim Jung Yil,1
,Kim Jung Yil Tapa,100% Silk Short Sleeve Shirt,504-P3125,Green,XL,42,88,http://test.examplestore.com/productImages/504-P3125-GREEN.jpg,1,Silks| Short Sleeve,Kim Jung Yil,1
,Kim Jung Yil Tapa,100% Silk Short Sleeve Shirt,504-P3125,Green,2XL,45,93,http://test.examplestore.com/productImages/504-P3125-GREEN.jpg,1,Silks| Short Sleeve,Kim Jung Yil,1
,Kim Jung Yil Tapa,100% Silk Short Sleeve Shirt,504-P3125,Green,3XL,45,93,http://test.examplestore.com/productImages/504-P3125-GREEN.jpg,1,Silks| Short Sleeve,Kim Jung Yil,1
,Kim Jung Yil Tapa,100% Silk Short Sleeve Shirt,504-P3125,Blue,S,42,88,http://test.examplestore.com/productImages/504-P3125-BLUE.jpg,1,Silks| Short Sleeve,Kim Jung Yil,1
,Kim Jung Yil Tapa,100% Silk Short Sleeve Shirt,504-P3125,Blue,M,42,88,http://test.examplestore.com/productImages/504-P3125-BLUE.jpg,1,Silks| Short Sleeve,Kim Jung Yil,1
,Kim Jung Yil Tapa,100% Silk Short Sleeve Shirt,504-P3125,Blue,L,42,88,http://test.examplestore.com/productImages/504-P3125-BLUE.jpg,1,Silks| Short Sleeve,Kim Jung Yil,1
,Kim Jung Yil Tapa,100% Silk Short Sleeve Shirt,504-P3125,Blue,XL,42,88,http://test.examplestore.com/productImages/504-P3125-BLUE.jpg,1,Silks| Short Sleeve,Kim Jung Yil,1
,Kim Jung Yil Tapa,100% Silk Short Sleeve Shirt,504-P3125,Blue,2XL,45,93,http://test.examplestore.com/productImages/504-P3125-BLUE.jpg,1,Silks| Short Sleeve,Kim Jung Yil,1
,Kim Jung Yil Tapa,100% Silk Short Sleeve Shirt,504-P3125,Blue,3XL,45,93,http://test.examplestore.com/productImages/504-P3125-BLUE.jpg,1,Silks| Short Sleeve,Kim Jung Yil,1
,Kim Jung Yil Hula Flower,100% Silk Short Sleeve Shirt,504-P1982,Red,S,42,88,http://test.examplestore.com/productImages/504-P1982-RED.png,1,Silks| Short Sleeve,Kim Jung Yil,1
,Kim Jung Yil Hula Flower,100% Silk Short Sleeve Shirt,504-P1982,Red,M,42,88,http://test.examplestore.com/productImages/504-P1982-RED.png,1,Silks| Short Sleeve,Kim Jung Yil,1
,Kim Jung Yil Hula Flower,100% Silk Short Sleeve Shirt,504-P1982,Red,L,42,88,http://test.examplestore.com/productImages/504-P1982-RED.png,1,Silks| Short Sleeve,Kim Jung Yil,1
,Kim Jung Yil Hula Flower,100% Silk Short Sleeve Shirt,504-P1982,Red,XL,42,88,http://test.examplestore.com/productImages/504-P1982-RED.png,1,Silks| Short Sleeve,Kim Jung Yil,1
,Kim Jung Yil Hula Flower,100% Silk Short Sleeve Shirt,504-P1982,Red,2XL,45,93,http://test.examplestore.com/productImages/504-P1982-RED.png,1,Silks| Short Sleeve,Kim Jung Yil,1
,Kim Jung Yil Hula Flower,100% Silk Short Sleeve Shirt,504-P1982,Red,3XL,45,93,http://test.examplestore.com/productImages/504-P1982-RED.png,1,Silks| Short Sleeve,Kim Jung Yil,1
,Kim Jung Yil Hula Flower,100% Silk Short Sleeve Shirt,504-P1982,Blue,S,42,88,http://test.examplestore.com/productImages/504-P1982-BLUE.png,1,Silks| Short Sleeve,Kim Jung Yil,1
,Kim Jung Yil Hula Flower,100% Silk Short Sleeve Shirt,504-P1982,Blue,M,42,88,http://test.examplestore.com/productImages/504-P1982-BLUE.png,1,Silks| Short Sleeve,Kim Jung Yil,1
,Kim Jung Yil Hula Flower,100% Silk Short Sleeve Shirt,504-P1982,Blue,L,42,88,http://test.examplestore.com/productImages/504-P1982-BLUE.png,1,Silks| Short Sleeve,Kim Jung Yil,1
,Kim Jung Yil Hula Flower,100% Silk Short Sleeve Shirt,504-P1982,Blue,XL,42,88,http://test.examplestore.com/productImages/504-P1982-BLUE.png,1,Silks| Short Sleeve,Kim Jung Yil,1
,Kim Jung Yil Hula Flower,100% Silk Short Sleeve Shirt,504-P1982,Blue,2XL,45,93,http://test.examplestore.com/productImages/504-P1982-BLUE.png,1,Silks| Short Sleeve,Kim Jung Yil,1
,Kim Jung Yil Hula Flower,100% Silk Short Sleeve Shirt,504-P1982,Blue,3XL,45,93,http://test.examplestore.com/productImages/504-P1982-BLUE.png,1,Silks| Short Sleeve,Kim Jung Yil,1
,Kim Jung Yil Scenic,100% Silk Mens Short Sleeve Shirt,504-P1983,Green,S,42,88,http://test.examplestore.com/productImages/504-P1983-GREEN.jpg,1,Silks| Short Sleeve,Kim Jung Yil,1
,Kim Jung Yil Scenic,100% Silk Mens Short Sleeve Shirt,504-P1983,Green,M,42,88,http://test.examplestore.com/productImages/504-P1983-GREEN.jpg,1,Silks| Short Sleeve,Kim Jung Yil,1
,Kim Jung Yil Scenic,100% Silk Mens Short Sleeve Shirt,504-P1983,Green,L,42,88,http://test.examplestore.com/productImages/504-P1983-GREEN.jpg,1,Silks| Short Sleeve,Kim Jung Yil,1
,Kim Jung Yil Scenic,100% Silk Mens Short Sleeve Shirt,504-P1983,Green,XL,42,88,http://test.examplestore.com/productImages/504-P1983-GREEN.jpg,1,Silks| Short Sleeve,Kim Jung Yil,1
,Kim Jung Yil Scenic,100% Silk Mens Short Sleeve Shirt,504-P1983,Green,2XL,45,93,http://test.examplestore.com/productImages/504-P1983-GREEN.jpg,1,Silks| Short Sleeve,Kim Jung Yil,1
,Kim Jung Yil Scenic,100% Silk Mens Short Sleeve Shirt,504-P1983,Green,3XL,45,93,http://test.examplestore.com/productImages/504-P1983-GREEN.jpg,1,Silks| Short Sleeve,Kim Jung Yil,1
,Kim Jung Yil Scenic,100% Silk Womens Camp Blouse,N409-P1983,Green,S,40,84,http://test.examplestore.com/productImages/N409-P1983-GREEN.jpg,1,Silks| Blouse,Kim Jung Yil,1
,Kim Jung Yil Scenic,100% Silk Womens Camp Blouse,N409-P1983,Green,M,40,84,http://test.examplestore.com/productImages/N409-P1983-GREEN.jpg,1,Silks| Blouse,Kim Jung Yil,1
,Kim Jung Yil Scenic,100% Silk Womens Camp Blouse,N409-P1983,Green,L,40,84,http://test.examplestore.com/productImages/N409-P1983-GREEN.jpg,1,Silks| Blouse,Kim Jung Yil,1
,Kim Jung Yil Scenic,100% Silk Womens Camp Blouse,N409-P1983,Green,XL,40,84,http://test.examplestore.com/productImages/N409-P1983-GREEN.jpg,1,Silks| Blouse,Kim Jung Yil,1
,Kim Jung Yil Scenic,100% Silk Womens Camp Blouse,409X-P1983,Green,2XL,42,88,http://test.examplestore.com/productImages/409X-P1983-GREEN.jpg,1,Silks| Blouse,Kim Jung Yil,1
,Kim Jung Yil Scenic,100% Silk Womens Camp Blouse,409X-P1983,Green,3XL,42,88,http://test.examplestore.com/productImages/409X-P1983-GREEN.jpg,1,Silks| Blouse,Kim Jung Yil,1
,Kim Jung Yil Scenic,100% Silk Womens Pleat Tank,N429-P1983,Green,S,30,62,http://test.examplestore.com/productImages/N429-P1983-GREEN.jpg,1,Silks| Womens Tank Top,Kim Jung Yil,1
,Kim Jung Yil Scenic,100% Silk Womens Pleat Tank,N429-P1983,Green,M,30,62,http://test.examplestore.com/productImages/N429-P1983-GREEN.jpg,1,Silks| Womens Tank Top,Kim Jung Yil,1
,Kim Jung Yil Scenic,100% Silk Womens Pleat Tank,N429-P1983,Green,L,30,62,http://test.examplestore.com/productImages/N429-P1983-GREEN.jpg,1,Silks| Womens Tank Top,Kim Jung Yil,1
,Kim Jung Yil Scenic,100% Silk Womens Pleat Tank,N429-P1983,Green,XL,30,62,http://test.examplestore.com/productImages/N429-P1983-GREEN.jpg,1,Silks| Womens Tank Top,Kim Jung Yil,1
,Kim Jung Yil Scenic,100% Silk Bias Dress,434-P1983,Green,S,46,96,http://test.examplestore.com/productImages/434-P1983-GREEN.png,1,Silks| Womens Tank Top,Kim Jung Yil,1
,Kim Jung Yil Scenic,100% Silk Bias Dress,434-P1983,Green,M,46,96,http://test.examplestore.com/productImages/434-P1983-GREEN.png,1,Silks| Womens Tank Top,Kim Jung Yil,1
,Kim Jung Yil Scenic,100% Silk Bias Dress,434-P1983,Green,L,46,96,http://test.examplestore.com/productImages/434-P1983-GREEN.png,1,Silks| Womens Tank Top,Kim Jung Yil,1
,Kim Jung Yil Scenic,100% Silk Bias Dress,434-P1983,Green,XL,46,96,http://test.examplestore.com/productImages/434-P1983-GREEN.png,1,Silks| Womens Tank Top,Kim Jung Yil,1
,Kim Jung Yil Scenic,100% Silk Bias Dress,464-P1983,Green,2XL,55,110,http://test.examplestore.com/productImages/464-P1983-GREEN.png,1,Silks| Womens Tank Top,Kim Jung Yil,1
,Kim Jung Yil Scenic,100% Silk Bias Dress,464-P1983,Green,3XL,55,110,http://test.examplestore.com/productImages/464-P1983-GREEN.png,1,Silks| Womens Tank Top,Kim Jung Yil,1
,Kim Jung Yil Kai Olo Hia,100% Silk Short Sleeve Shirt,504-P3150,Cream,S,42,88,http://test.examplestore.com/productImages/504-P3150-CREAM.jpg,1,Silks| Short Sleeve,Kim Jung Yil,1
,Kim Jung Yil Kai Olo Hia,100% Silk Short Sleeve Shirt,504-P3150,Cream,M,42,88,http://test.examplestore.com/productImages/504-P3150-CREAM.jpg,1,Silks| Short Sleeve,Kim Jung Yil,1
,Kim Jung Yil Kai Olo Hia,100% Silk Short Sleeve Shirt,504-P3150,Cream,L,42,88,http://test.examplestore.com/productImages/504-P3150-CREAM.jpg,1,Silks| Short Sleeve,Kim Jung Yil,1
,Kim Jung Yil Kai Olo Hia,100% Silk Short Sleeve Shirt,504-P3150,Cream,XL,42,88,http://test.examplestore.com/productImages/504-P3150-CREAM.jpg,1,Silks| Short Sleeve,Kim Jung Yil,1
,Kim Jung Yil Kai Olo Hia,100% Silk Short Sleeve Shirt,504-P3150,Cream,2XL,45,93,http://test.examplestore.com/productImages/504-P3150-CREAM.jpg,1,Silks| Short Sleeve,Kim Jung Yil,1
,Kim Jung Yil Kai Olo Hia,100% Silk Short Sleeve Shirt,504-P3150,Cream,3XL,45,93,http://test.examplestore.com/productImages/504-P3150-CREAM.jpg,1,Silks| Short Sleeve,Kim Jung Yil,1
,Kim Jung Sheds Silhouette,100% Silk Short Sleeve Shirt,504-P2415,Lavendar,S,42,88,http://test.examplestore.com/productImages/504-P3150-LAVENDAR.jpg,1,Silks| Short Sleeve,Kim Jung Yil,1
,Kim Jung Sheds Silhouette,100% Silk Short Sleeve Shirt,504-P2415,Lavendar,M,42,88,http://test.examplestore.com/productImages/504-P3150-LAVENDAR.jpg,1,Silks| Short Sleeve,Kim Jung Yil,1
,Kim Jung Sheds Silhouette,100% Silk Short Sleeve Shirt,504-P2415,Lavendar,L,42,88,http://test.examplestore.com/productImages/504-P3150-LAVENDAR.jpg,1,Silks| Short Sleeve,Kim Jung Yil,1
,Kim Jung Sheds Silhouette,100% Silk Short Sleeve Shirt,504-P2415,Lavendar,XL,42,88,http://test.examplestore.com/productImages/504-P3150-LAVENDAR.jpg,1,Silks| Short Sleeve,Kim Jung Yil,1
,Kim Jung Sheds Silhouette,100% Silk Short Sleeve Shirt,504-P2415,Lavendar,3XL,45,93,http://test.examplestore.com/productImages/504-P3150-LAVENDAR.jpg,1,Silks| Short Sleeve,Kim Jung Yil,1
,Kim Jung Sheds Silhouette,100% Silk Short Sleeve Shirt,504-P2415,Lavendar,3XL,45,93,http://test.examplestore.com/productImages/504-P3150-LAVENDAR.jpg,1,Silks| Short Sleeve,Kim Jung Yil,1
,Kim Jung Sheds Silhouette,100% Silk Short Sleeve Shirt,504-P2415,Cream,S,42,88,http://test.examplestore.com/productImages/504-P2415-CREAM.png,1,Silks| Short Sleeve,Kim Jung Yil,1
,Kim Jung Sheds Silhouette,100% Silk Short Sleeve Shirt,504-P2415,Cream,M,42,88,http://test.examplestore.com/productImages/504-P2415-CREAM.png,1,Silks| Short Sleeve,Kim Jung Yil,1
,Kim Jung Sheds Silhouette,100% Silk Short Sleeve Shirt,504-P2415,Cream,L,42,88,http://test.examplestore.com/productImages/504-P2415-CREAM.png,1,Silks| Short Sleeve,Kim Jung Yil,1
,Kim Jung Sheds Silhouette,100% Silk Short Sleeve Shirt,504-P2415,Cream,XL,42,88,http://test.examplestore.com/productImages/504-P2415-CREAM.png,1,Silks| Short Sleeve,Kim Jung Yil,1
,Kim Jung Sheds Silhouette,100% Silk Short Sleeve Shirt,504-P2415,Cream,3XL,45,93,http://test.examplestore.com/productImages/504-P2415-CREAM.png,1,Silks| Short Sleeve,Kim Jung Yil,1
,Kim Jung Sheds Silhouette,100% Silk Short Sleeve Shirt,504-P2415,Cream,3XL,45,93,http://test.examplestore.com/productImages/504-P2415-CREAM.png,1,Silks| Short Sleeve,Kim Jung Yil,1